
{"header" : {
  "cloc_url"           : "github.com/AlDanial/cloc",
  "cloc_version"       : "1.72",
  "elapsed_seconds"    : 1.3499448299408,
  "n_files"            : 195,
  "n_lines"            : 17306,
  "files_per_second"   : 144.450347654987,
  "lines_per_second"   : 12819.7831616267},
"Java" :{
  "nFiles": 195,
  "blank": 1677,
  "comment": 10085,
  "code": 5544},
"SUM": {
  "blank": 1677,
  "comment": 10085,
  "code": 5544,
  "nFiles": 195} }
